,Location,Price,Type,rooms,Property ID
0,kent,"£1,250,000        ",detached,5,prop121881863
1,kent,"£5,000,000        ",detached,5,prop118448825
2,kent,"£4,700,000        ",detached,5,prop119949677
3,kent,"£3,700,000        ",detached,5,prop112646555
4,kent,"£3,395,000        ",detached,5,prop112068557
5,kent,"£3,350,000        ",detached,5,prop118817846
6,kent,"£3,250,000        ",detached,5,prop119379998
7,kent,"£3,150,000        ",detached,5,prop108110057
8,kent,"£3,000,000        ",detached,5,prop121304582
9,kent,"£2,950,000        ",detached,5,prop117097832
10,kent,"£2,900,000        ",detached,5,prop102806471
11,kent,"£2,895,000        ",detached,5,prop121223837
12,kent,"£2,850,000        ",detached,5,prop116859119
13,kent,"£2,800,000        ",detached,5,prop120361157
14,kent,"£2,750,000        ",detached,5,prop121452047
15,kent,"£2,750,000        ",detached,5,prop119279873
16,kent,"£2,650,000        ",detached,5,prop117187778
17,kent,"£2,650,000        ",detached,5,prop120263096
18,kent,"£2,600,000        ",detached,5,prop121673480
19,kent,"£2,500,000        ",detached,5,prop117403874
20,kent,"£2,500,000        ",detached,5,prop116539283
21,kent,"£2,500,000        ",detached,5,prop119499965
22,kent,"£2,500,000        ",detached,5,prop82664589
23,kent,"£2,500,000        ",detached,5,prop112032029
24,kent,"£2,500,000        ",detached,5,prop116014097
25,kent,"£950,000        ",detached,5,prop116550398
26,kent,"£2,500,000        ",detached,5,prop119861555
27,kent,"£2,495,000        ",detached,5,prop118942268
28,kent,"£2,400,000        ",detached,5,prop121085690
29,kent,"£2,350,000        ",detached,5,prop120789368
30,kent,"£2,350,000        ",detached,5,prop119730860
31,kent,"£2,350,000        ",detached,5,prop119546066
32,kent,"£2,300,000        ",detached,5,prop112556324
33,kent,"£2,295,000        ",detached,5,prop111430253
34,kent,"£2,295,000        ",detached,5,prop109408259
35,kent,"£2,250,000        ",detached,5,prop120794048
36,kent,"£2,250,000        ",detached,5,prop118409138
37,kent,"£2,250,000        ",detached,5,prop114827054
38,kent,"£2,200,000        ",detached,5,prop120503123
39,kent,"£2,200,000        ",detached,5,prop112837694
40,kent,"£2,200,000        ",detached,5,prop121997402
41,kent,"£2,150,000        ",detached,5,prop119347583
42,kent,"£2,000,000        ",detached,5,prop117962969
43,kent,"£2,000,000        ",detached,5,prop120361319
44,kent,"£2,000,000        ",detached,5,prop121078607
45,kent,"£2,000,000        ",detached,5,prop118444394
46,kent,"£2,000,000        ",detached,5,prop118444376
47,kent,POA        ,detached,5,prop120361082
48,kent,"£2,000,000        ",detached,5,prop117096743
49,kent,"£2,000,000        ",detached,5,prop115234028
50,kent,"£2,000,000        ",detached,5,prop120378026
51,kent,"£2,000,000        ",detached,5,prop120378026
52,kent,"£2,000,000        ",detached,5,prop108044978
53,kent,"£2,000,000        ",detached,5,prop120205298
54,kent,"£1,999,750        ",detached,5,prop120511103
55,kent,"£1,995,000        ",detached,5,prop116454161
56,kent,"£1,995,000        ",detached,5,prop108043694
57,kent,"£1,975,000        ",detached,5,prop120347255
58,kent,"£1,950,000        ",detached,5,prop120510035
59,kent,"£1,950,000        ",detached,5,prop120574856
60,kent,"£1,925,000        ",detached,5,prop121842854
61,kent,"£1,925,000        ",detached,5,prop121450136
62,kent,POA        ,detached,5,prop108965261
63,kent,"£1,895,000        ",detached,5,prop79740411
64,kent,"£1,850,000        ",detached,5,prop120198809
65,kent,"£1,850,000        ",detached,5,prop119495876
66,kent,"£1,850,000        ",detached,5,prop120755750
67,kent,"£1,850,000        ",detached,5,prop120812099
68,kent,"£1,850,000        ",detached,5,prop118069460
69,kent,"£1,850,000        ",detached,5,prop117102137
70,kent,POA        ,detached,5,prop114915377
71,kent,"£1,800,000        ",detached,5,prop121392482
72,kent,"£1,800,000        ",detached,5,prop119522363
73,kent,"£1,800,000        ",detached,5,prop120738284
74,kent,"£1,800,000        ",detached,5,prop113394440
75,kent,"£625,000        ",detached,5,prop121090331
76,kent,"£1,800,000        ",detached,5,prop121787915
77,kent,"£1,800,000        ",detached,5,prop120361262
78,kent,"£1,795,000        ",detached,5,prop118389425
79,kent,"£1,785,000        ",detached,5,prop106225880
80,kent,"£1,750,000        ",detached,5,prop116255384
81,kent,"£1,750,000        ",detached,5,prop121128908
82,kent,"£1,750,000        ",detached,5,prop121940579
83,kent,"£1,750,000        ",detached,5,prop121193321
84,kent,"£1,750,000        ",detached,5,prop118444367
85,kent,"£1,750,000        ",detached,5,prop121323584
86,kent,"£1,750,000        ",detached,5,prop118528133
87,kent,"£1,750,000        ",detached,5,prop107767736
88,kent,"£1,750,000        ",detached,5,prop121210496
89,kent,"£1,700,000        ",detached,5,prop119186567
90,kent,"£1,700,000        ",detached,5,prop116888816
91,kent,POA        ,detached,5,prop96294599
92,kent,"£1,695,000        ",detached,5,prop119455067
93,kent,"£1,675,000        ",detached,5,prop112850915
94,kent,"£1,650,000        ",detached,5,prop120654461
95,kent,"£1,650,000        ",detached,5,prop112186676
96,kent,"£1,650,000        ",detached,5,prop121344110
97,kent,"£1,650,000        ",detached,5,prop113508485
98,kent,"£1,650,000        ",detached,5,prop113469731
99,kent,"£1,650,000        ",detached,5,prop113083553
100,kent,"£1,100,000        ",detached,5,prop121947278
101,kent,"£1,650,000        ",detached,5,prop119803340
102,kent,"£1,650,000        ",detached,5,prop116580026
103,kent,"£1,625,000        ",detached,5,prop118002851
104,kent,"£1,600,000        ",detached,5,prop121198337
105,kent,"£1,600,000        ",detached,5,prop120537320
106,kent,"£1,600,000        ",detached,5,prop106671659
107,kent,"£1,600,000        ",detached,5,prop120508193
108,kent,"£1,600,000        ",detached,5,prop120017048
109,kent,"£1,600,000        ",detached,5,prop111384185
110,kent,"£1,600,000        ",detached,5,prop120361148
111,kent,"£1,595,000        ",detached,5,prop118998359
112,kent,"£1,595,000        ",detached,5,prop119185595
113,kent,"£1,595,000        ",detached,5,prop106168289
114,kent,"£1,595,000        ",detached,5,prop120369677
115,kent,"£1,550,000        ",detached,5,prop121405082
116,kent,"£1,550,000        ",detached,5,prop119744183
117,kent,"£1,550,000        ",detached,5,prop112030661
118,kent,"£1,550,000        ",detached,5,prop121435451
119,kent,"£1,550,000        ",detached,5,prop121097501
120,kent,"£1,550,000        ",detached,5,prop110547737
121,kent,"£1,525,000        ",detached,5,prop113250572
122,kent,"£1,500,000        ",detached,5,prop116328590
123,kent,"£1,500,000        ",detached,5,prop117102404
124,kent,"£1,500,000        ",detached,5,prop113150417
125,kent,"£1,800,000        ",detached,5,prop121787915
126,kent,"£1,500,000        ",detached,5,prop120799172
127,kent,"£1,500,000        ",detached,5,prop118262801
128,kent,"£1,500,000        ",detached,5,prop121439945
129,kent,"£1,500,000        ",detached,5,prop120361943
130,kent,"£1,500,000        ",detached,5,prop121986140
131,kent,"£1,500,000        ",detached,5,prop121048580
132,kent,"£1,500,000        ",detached,5,prop121401635
133,kent,"£1,500,000        ",detached,5,prop121652312
134,kent,"£1,500,000        ",detached,5,prop84026139
135,kent,"£1,500,000        ",detached,5,prop120204557
136,kent,"£1,500,000        ",detached,5,prop109780391
137,kent,"£1,500,000        ",detached,5,prop121936745
138,kent,"£1,500,000        ",detached,5,prop119275733
139,kent,"£1,500,000        ",detached,5,prop120666983
140,kent,"£1,500,000        ",detached,5,prop111909308
141,kent,"£1,500,000        ",detached,5,prop122039990
142,kent,"£1,500,000        ",detached,5,prop116066990
143,kent,"£1,500,000        ",detached,5,prop117861677
144,kent,"£1,500,000        ",detached,5,prop118981937
145,kent,"£1,500,000        ",detached,5,prop83600613
146,kent,"£1,500,000        ",detached,5,prop113093477
147,kent,"£1,495,000        ",detached,5,prop121240196
148,kent,"£1,495,000        ",detached,5,prop115740110
149,kent,"£1,495,000        ",detached,5,prop120361247
150,kent,"£1,475,000        ",detached,5,prop121787336
151,kent,"£1,495,000        ",detached,5,prop120376361
152,kent,"£1,495,000        ",detached,5,prop113206829
153,kent,"£1,475,000        ",detached,5,prop121787336
154,kent,"£1,450,000        ",detached,5,prop121313285
155,kent,POA        ,detached,5,prop114373901
156,kent,"£1,450,000        ",detached,5,prop120778514
157,kent,"£1,450,000        ",detached,5,prop115442141
158,kent,POA        ,detached,5,prop120539099
159,kent,"£1,450,000        ",detached,5,prop116975060
160,kent,"£1,450,000        ",detached,5,prop118392590
161,kent,"£1,450,000        ",detached,5,prop116115578
162,kent,"£1,450,000        ",detached,5,prop116465405
163,kent,"£1,425,000        ",detached,5,prop115837151
164,kent,"£1,425,000        ",detached,5,prop120844481
165,kent,"£1,425,000        ",detached,5,prop121242752
166,kent,"£1,425,000        ",detached,5,prop120361775
167,kent,"£1,400,000        ",detached,5,prop115010330
168,kent,"£1,400,000        ",detached,5,prop120973835
169,kent,"£1,400,000        ",detached,5,prop119406674
170,kent,"£1,400,000        ",detached,5,prop119564660
171,kent,"£1,400,000        ",detached,5,prop120361844
172,kent,"£1,400,000        ",detached,5,prop120347771
173,kent,"£1,400,000        ",detached,5,prop120111167
174,kent,"£1,400,000        ",detached,5,prop121180409
175,kent,"£2,000,000        ",detached,5,prop120378026
176,kent,"£1,400,000        ",detached,5,prop121923080
177,kent,POA        ,detached,5,prop117894158
178,kent,"£1,400,000        ",detached,5,prop115446692
179,kent,"£1,400,000        ",detached,5,prop120886313
180,kent,"£1,400,000        ",detached,5,prop122000750
181,kent,"£1,400,000        ",detached,5,prop121334918
182,kent,"£1,400,000        ",detached,5,prop121169600
183,kent,"£1,400,000        ",detached,5,prop120299927
184,kent,"£1,400,000        ",detached,5,prop118314878
185,kent,"£1,395,000        ",detached,5,prop118231973
186,kent,"£1,395,000        ",detached,5,prop120508124
187,kent,"£1,395,000        ",detached,5,prop120844538
188,kent,"£1,395,000        ",detached,5,prop121804793
189,kent,"£1,395,000        ",detached,5,prop120169745
190,kent,"£1,395,000        ",detached,5,prop80230752
191,kent,"£1,395,000        ",detached,5,prop118881371
192,kent,"£1,395,000        ",detached,5,prop120540701
193,kent,"£1,385,000        ",detached,5,prop116088977
194,kent,"£1,375,000        ",detached,5,prop121275173
195,kent,"£1,375,000        ",detached,5,prop116760323
196,kent,"£1,375,000        ",detached,5,prop121117925
197,kent,"£1,375,000        ",detached,5,prop121223900
198,kent,"£1,375,000        ",detached,5,prop118061258
199,kent,"£1,375,000        ",detached,5,prop118061273
200,kent,"£895,000        ",detached,5,prop120151721
201,kent,"£1,375,000        ",detached,5,prop121219220
202,kent,"£1,375,000        ",detached,5,prop112017632
203,kent,"£1,350,000        ",detached,5,prop119593832
204,kent,"£1,350,000        ",detached,5,prop119666501
205,kent,"£1,350,000        ",detached,5,prop121243541
206,kent,"£1,350,000        ",detached,5,prop102227696
207,kent,"£1,350,000        ",detached,5,prop121140851
208,kent,"£1,350,000        ",detached,5,prop121830701
209,kent,"£1,350,000        ",detached,5,prop118775159
210,kent,"£1,350,000        ",detached,5,prop119224094
211,kent,"£1,350,000        ",detached,5,prop121753931
212,kent,"£1,350,000        ",detached,5,prop114953651
213,kent,"£1,350,000        ",detached,5,prop80405991
214,kent,"£1,350,000        ",detached,5,prop118014440
215,kent,"£1,350,000        ",detached,5,prop113340500
216,kent,"£1,350,000        ",detached,5,prop120207710
217,kent,"£1,350,000        ",detached,5,prop113287907
218,kent,"£1,350,000        ",detached,5,prop117984353
219,kent,"£1,350,000        ",detached,5,prop119023673
220,kent,"£1,350,000        ",detached,5,prop111720134
221,kent,"£1,350,000        ",detached,5,prop121047701
222,kent,"£1,350,000        ",detached,5,prop83589342
223,kent,"£1,350,000        ",detached,5,prop121954115
224,kent,"£1,350,000        ",detached,5,prop115319807
225,kent,"£725,000        ",detached,5,prop121854842
226,kent,"£1,350,000        ",detached,5,prop118491449
227,kent,"£1,350,000        ",detached,5,prop114063173
228,kent,POA        ,detached,5,prop119341574
229,kent,"£1,310,000        ",detached,5,prop109859795
230,kent,"£1,300,000        ",detached,5,prop121353650
231,kent,"£1,300,000        ",detached,5,prop121332350
232,kent,"£1,300,000        ",detached,5,prop121680929
233,kent,"£1,300,000        ",detached,5,prop114604082
234,kent,"£1,300,000        ",detached,5,prop84006387
235,kent,"£1,300,000        ",detached,5,prop118026923
236,kent,"£1,300,000        ",detached,5,prop121346879
237,kent,"£1,300,000        ",detached,5,prop121515110
238,kent,"£1,300,000        ",detached,5,prop121658294
239,kent,"£1,300,000        ",detached,5,prop120693734
240,kent,"£1,300,000        ",detached,5,prop117984458
241,kent,"£1,300,000        ",detached,5,prop116366066
242,kent,"£1,300,000        ",detached,5,prop108679751
243,kent,"£1,300,000        ",detached,5,prop120246551
244,kent,POA        ,detached,5,prop106602233
245,kent,"£1,300,000        ",detached,5,prop108051068
246,kent,"£1,295,000        ",detached,5,prop106868855
247,kent,"£1,295,000        ",detached,5,prop118670438
248,kent,"£1,295,000        ",detached,5,prop120909569
249,kent,"£1,275,000        ",detached,5,prop79178250
250,kent,"£900,000        ",detached,5,prop121052930
251,kent,"£1,250,000        ",detached,5,prop121337591
252,kent,"£1,250,000        ",detached,5,prop121752323
253,kent,"£1,250,000        ",detached,5,prop121946036
254,kent,"£1,250,000        ",detached,5,prop122029223
255,kent,"£1,250,000        ",detached,5,prop118724870
256,kent,"£1,250,000        ",detached,5,prop118713539
257,kent,"£1,250,000        ",detached,5,prop119715896
258,kent,"£1,250,000        ",detached,5,prop120606599
259,kent,"£1,250,000        ",detached,5,prop109859780
260,kent,"£1,250,000        ",detached,5,prop79918557
261,kent,"£1,250,000        ",detached,5,prop119088065
262,kent,"£1,250,000        ",detached,5,prop121444814
263,kent,"£1,250,000        ",detached,5,prop112875839
264,kent,"£1,250,000        ",detached,5,prop121749254
265,kent,"£1,250,000        ",detached,5,prop120969908
266,kent,"£1,250,000        ",detached,5,prop119431817
267,kent,"£1,250,000        ",detached,5,prop121881863
268,kent,"£1,250,000        ",detached,5,prop120361553
269,kent,"£1,250,000        ",detached,5,prop114883814
270,kent,"£1,250,000        ",detached,5,prop113039555
271,kent,"£1,250,000        ",detached,5,prop114439043
272,kent,"£1,250,000        ",detached,5,prop120312104
273,kent,"£1,250,000        ",detached,5,prop121541876
274,kent,"£1,250,000        ",detached,5,prop120237029
275,kent,"£1,100,000        ",detached,5,prop121832933
276,kent,"£1,250,000        ",detached,5,prop114606029
277,kent,"£1,250,000        ",detached,5,prop120424790
278,kent,"£1,250,000        ",detached,5,prop110942864
279,kent,"£1,250,000        ",detached,5,prop114944285
280,kent,"£1,250,000        ",detached,5,prop110942888
281,kent,"£1,250,000        ",detached,5,prop116993291
282,kent,"£1,250,000        ",detached,5,prop120712790
283,kent,"£1,250,000        ",detached,5,prop80482224
284,kent,"£1,250,000        ",detached,5,prop120820829
285,kent,"£1,245,000        ",detached,5,prop120634028
286,kent,"£1,200,000        ",detached,5,prop120245012
287,kent,"£1,200,000        ",detached,5,prop113542949
288,kent,"£1,200,000        ",detached,5,prop121078835
289,kent,"£1,200,000        ",detached,5,prop120620303
290,kent,"£1,200,000        ",detached,5,prop121679828
291,kent,"£1,200,000        ",detached,5,prop121456958
292,kent,"£1,200,000        ",detached,5,prop121192214
293,kent,"£1,200,000        ",detached,5,prop107944196
294,kent,"£1,200,000        ",detached,5,prop117742436
295,kent,"£1,200,000        ",detached,5,prop119146202
296,kent,"£1,200,000        ",detached,5,prop120020675
297,kent,"£1,195,000        ",detached,5,prop119461541
298,kent,"£1,185,000        ",detached,5,prop120592931
299,kent,"£1,185,000        ",detached,5,prop121794080
300,kent,"£1,100,000        ",detached,5,prop121832933
301,kent,"£1,180,000        ",detached,5,prop121488479
302,kent,"£1,175,000        ",detached,5,prop119221469
303,kent,"£1,175,000        ",detached,5,prop111607229
304,kent,"£1,175,000        ",detached,5,prop111409073
305,kent,"£1,150,000        ",detached,5,prop119499545
306,kent,"£1,150,000        ",detached,5,prop118578728
307,kent,"£1,150,000        ",detached,5,prop118524947
308,kent,"£1,150,000        ",detached,5,prop115779077
309,kent,"£1,150,000        ",detached,5,prop118590779
310,kent,"£1,150,000        ",detached,5,prop119865641
311,kent,"£1,150,000        ",detached,5,prop109105097
312,kent,"£1,150,000        ",detached,5,prop117618899
313,kent,"£1,150,000        ",detached,5,prop121472369
314,kent,"£1,150,000        ",detached,5,prop90966820
315,kent,"£1,150,000        ",detached,5,prop119811692
316,kent,"£1,150,000        ",detached,5,prop108622676
317,kent,"£1,150,000        ",detached,5,prop121151024
318,kent,"£1,150,000        ",detached,5,prop117911045
319,kent,"£1,150,000        ",detached,5,prop120022001
320,kent,"£1,150,000        ",detached,5,prop114914705
321,kent,"£1,150,000        ",detached,5,prop106333853
322,kent,"£1,150,000        ",detached,5,prop118865141
323,kent,"£1,150,000        ",detached,5,prop114893267
324,kent,"£1,125,000        ",detached,5,prop121046576
325,kent,"£750,000        ",detached,5,prop121393793
326,kent,"£1,100,000        ",detached,5,prop121725200
327,kent,"£1,100,000        ",detached,5,prop121947278
328,kent,"£1,100,000        ",detached,5,prop82742520
329,kent,"£1,100,000        ",detached,5,prop120905906
330,kent,"£1,100,000        ",detached,5,prop121827017
331,kent,"£1,100,000        ",detached,5,prop121452557
332,kent,"£1,100,000        ",detached,5,prop121846175
333,kent,"£1,100,000        ",detached,5,prop118755143
334,kent,"£1,100,000        ",detached,5,prop120263936
335,kent,"£1,100,000        ",detached,5,prop121917866
336,kent,"£1,100,000        ",detached,5,prop116838116
337,kent,"£1,100,000        ",detached,5,prop110473073
338,kent,"£1,100,000        ",detached,5,prop120434636
339,kent,"£1,100,000        ",detached,5,prop107851748
340,kent,"£1,100,000        ",detached,5,prop109790585
341,kent,"£1,100,000        ",detached,5,prop114429713
342,kent,"£1,100,000        ",detached,5,prop121832933
343,kent,"£1,100,000        ",detached,5,prop111595163
344,kent,"£1,100,000        ",detached,5,prop118628363
345,kent,"£1,100,000        ",detached,5,prop118027307
346,kent,"£1,100,000        ",detached,5,prop115887326
347,kent,"£1,100,000        ",detached,5,prop120296675
348,kent,"£1,100,000        ",detached,5,prop119817422
349,kent,"£1,100,000        ",detached,5,prop118487438
350,kent,"£1,495,000        ",detached,5,prop120376361
351,kent,"£1,100,000        ",detached,5,prop114353720
352,kent,"£1,100,000        ",detached,5,prop119788565
353,kent,"£1,100,000        ",detached,5,prop120447770
354,kent,"£1,100,000        ",detached,5,prop121403207
355,kent,"£1,095,000        ",detached,5,prop122047532
356,kent,"£1,095,000        ",detached,5,prop112155965
357,kent,"£1,095,000        ",detached,5,prop120661010
358,kent,"£1,075,000        ",detached,5,prop118301894
359,kent,"£1,075,000        ",detached,5,prop121269629
360,kent,"£1,050,000        ",detached,5,prop108206306
361,kent,"£1,050,000        ",detached,5,prop116044577
362,kent,"£1,050,000        ",detached,5,prop110243735
363,kent,"£1,050,000        ",detached,5,prop118729616
364,kent,"£1,050,000        ",detached,5,prop107067884
365,kent,"£1,050,000        ",detached,5,prop114881099
366,kent,"£1,050,000        ",detached,5,prop73947108
367,kent,"£1,000,000        ",detached,5,prop114256910
368,kent,"£1,000,000        ",detached,5,prop121832432
369,kent,"£1,000,000        ",detached,5,prop121111235
370,kent,"£1,000,000        ",detached,5,prop119483135
371,kent,"£1,000,000        ",detached,5,prop119146049
372,kent,"£1,000,000        ",detached,5,prop121586048
373,kent,"£1,000,000        ",detached,5,prop116821754
374,kent,"£1,000,000        ",detached,5,prop120797525
375,kent,"£525,000        ",detached,5,prop121771847
376,kent,"£1,000,000        ",detached,5,prop112074968
377,kent,"£1,000,000        ",detached,5,prop121075361
378,kent,"£1,000,000        ",detached,5,prop84003441
379,kent,"£1,000,000        ",detached,5,prop121559141
380,kent,"£1,000,000        ",detached,5,prop121718276
381,kent,"£1,000,000        ",detached,5,prop120855221
382,kent,"£1,000,000        ",detached,5,prop118053437
383,kent,POA        ,detached,5,prop106832108
384,kent,"£1,000,000        ",detached,5,prop121720862
385,kent,"£1,000,000        ",detached,5,prop120326357
386,kent,"£1,000,000        ",detached,5,prop120904430
387,kent,"£1,000,000        ",detached,5,prop114346361
388,kent,"£1,000,000        ",detached,5,prop119344133
389,kent,"£1,000,000        ",detached,5,prop121273820
390,kent,"£1,000,000        ",detached,5,prop114482738
391,kent,"£1,000,000        ",detached,5,prop95512309
392,kent,"£1,000,000        ",detached,5,prop118201181
393,kent,"£1,000,000        ",detached,5,prop121049477
394,kent,"£1,000,000        ",detached,5,prop117186308
395,kent,"£1,000,000        ",detached,5,prop120656333
396,kent,"£999,995        ",detached,5,prop117218444
397,kent,"£999,995        ",detached,5,prop116283527
398,kent,"£995,000        ",detached,5,prop121557437
399,kent,"£995,000        ",detached,5,prop119688680
400,kent,"£1,800,000        ",detached,5,prop121787915
401,kent,"£995,000        ",detached,5,prop116730272
402,kent,"£995,000        ",detached,5,prop119699864
403,kent,"£995,000        ",detached,5,prop114068636
404,kent,"£995,000        ",detached,5,prop94299124
405,kent,"£995,000        ",detached,5,prop120714065
406,kent,"£995,000        ",detached,5,prop121158164
407,kent,"£990,000        ",detached,5,prop120973244
408,kent,"£980,000        ",detached,5,prop115196675
409,kent,"£975,000        ",detached,5,prop121926428
410,kent,"£975,000        ",detached,5,prop121371569
411,kent,"£975,000        ",detached,5,prop111347789
412,kent,"£975,000        ",detached,5,prop120840584
413,kent,"£975,000        ",detached,5,prop106664003
414,kent,"£975,000        ",detached,5,prop119013356
415,kent,"£975,000        ",detached,5,prop118751354
416,kent,"£975,000        ",detached,5,prop120121154
417,kent,"£975,000        ",detached,5,prop113573888
418,kent,"£975,000        ",detached,5,prop86168335
419,kent,"£965,000        ",detached,5,prop109851080
420,kent,"£965,000        ",detached,5,prop119940755
421,kent,"£950,000        ",detached,5,prop119040416
422,kent,"£950,000        ",detached,5,prop116550398
423,kent,"£950,000        ",detached,5,prop121550657
424,kent,"£950,000        ",detached,5,prop120465857
425,kent,"£750,000        ",detached,5,prop121393793
426,kent,"£950,000        ",detached,5,prop119656664
427,kent,"£950,000        ",detached,5,prop113210363
428,kent,"£950,000        ",detached,5,prop120077195
429,kent,"£950,000        ",detached,5,prop113794808
430,kent,"£950,000        ",detached,5,prop113063648
431,kent,"£950,000        ",detached,5,prop111409754
432,kent,"£950,000        ",detached,5,prop121482149
433,kent,"£950,000        ",detached,5,prop106569770
434,kent,"£950,000        ",detached,5,prop110430305
435,kent,"£950,000        ",detached,5,prop121432400
436,kent,"£950,000        ",detached,5,prop114667217
437,kent,"£950,000        ",detached,5,prop120972233
438,kent,"£950,000        ",detached,5,prop110301521
439,kent,"£950,000        ",detached,5,prop120682166
440,kent,"£950,000        ",detached,5,prop121755023
441,kent,"£950,000        ",detached,5,prop109939724
442,kent,"£950,000        ",detached,5,prop116898644
443,kent,"£950,000        ",detached,5,prop81528048
444,kent,"£950,000        ",detached,5,prop117386759
445,kent,"£950,000        ",detached,5,prop122029040
446,kent,"£949,995        ",detached,5,prop115474031
447,kent,"£945,000        ",detached,5,prop114522419
448,kent,"£940,000        ",detached,5,prop115158014
449,kent,"£935,000        ",detached,5,prop111713927
450,kent,"£1,180,000        ",detached,5,prop121488479
451,kent,"£929,000        ",detached,5,prop114786935
452,kent,"£925,000        ",detached,5,prop121363724
453,kent,"£925,000        ",detached,5,prop119726756
454,kent,"£925,000        ",detached,5,prop112926845
455,kent,"£925,000        ",detached,5,prop122061146
456,kent,"£925,000        ",detached,5,prop114122270
457,kent,"£925,000        ",detached,5,prop121271456
458,kent,"£925,000        ",detached,5,prop111879089
459,kent,"£925,000        ",detached,5,prop119416538
460,kent,"£925,000        ",detached,5,prop114398768
461,kent,"£925,000        ",detached,5,prop80113092
462,kent,"£925,000        ",detached,5,prop120255725
463,kent,"£915,000        ",detached,5,prop119784926
464,kent,"£900,000        ",detached,5,prop120050492
465,kent,"£900,000        ",detached,5,prop120368561
466,kent,"£900,000        ",detached,5,prop120853919
467,kent,"£900,000        ",detached,5,prop113479898
468,kent,"£900,000        ",detached,5,prop113700827
469,kent,"£900,000        ",detached,5,prop117145475
470,kent,"£900,000        ",detached,5,prop113506847
471,kent,"£900,000        ",detached,5,prop84035061
472,kent,"£900,000        ",detached,5,prop112743059
473,kent,"£900,000        ",detached,5,prop115522499
474,kent,"£900,000        ",detached,5,prop117821231
475,kent,"£850,000        ",detached,5,prop121968374
476,kent,"£900,000        ",detached,5,prop119304614
477,kent,"£900,000        ",detached,5,prop110220998
478,kent,"£900,000        ",detached,5,prop111571052
479,kent,"£900,000        ",detached,5,prop121052930
480,kent,"£900,000        ",detached,5,prop120169700
481,kent,"£900,000        ",detached,5,prop112573214
482,kent,"£900,000        ",detached,5,prop121839896
483,kent,"£900,000        ",detached,5,prop113674910
484,kent,"£900,000        ",detached,5,prop113111069
485,kent,"£895,995        ",detached,5,prop115827908
486,kent,"£895,000        ",detached,5,prop119822636
487,kent,"£895,000        ",detached,5,prop99796415
488,kent,"£895,000        ",detached,5,prop113195966
489,kent,"£895,000        ",detached,5,prop67933760
490,kent,"£895,000        ",detached,5,prop120083588
491,kent,"£895,000        ",detached,5,prop79622289
492,kent,"£895,000        ",detached,5,prop120151721
493,kent,"£890,000        ",detached,5,prop115853231
494,kent,"£885,000        ",detached,5,prop118801910
495,kent,"£880,000        ",detached,5,prop90862273
496,kent,"£875,000        ",detached,5,prop113878955
497,kent,"£875,000        ",detached,5,prop115407257
498,kent,"£875,000        ",detached,5,prop115782176
499,kent,"£875,000        ",detached,5,prop120206780
500,kent,"£1,350,000        ",detached,5,prop121243541
501,kent,"£875,000        ",detached,5,prop109519694
502,kent,"£875,000        ",detached,5,prop120955433
503,kent,"£875,000        ",detached,5,prop119854331
504,kent,"£875,000        ",detached,5,prop114541370
505,kent,"£875,000        ",detached,5,prop115727168
506,kent,"£875,000        ",detached,5,prop120911912
507,kent,"£875,000        ",detached,5,prop117023807
508,kent,"£875,000        ",detached,5,prop118364936
509,kent,"£875,000        ",detached,5,prop121788992
510,kent,"£875,000        ",detached,5,prop120381764
511,kent,"£875,000        ",detached,5,prop115934402
512,kent,"£875,000        ",detached,5,prop119811515
513,kent,"£875,000        ",detached,5,prop113449625
514,kent,"£875,000        ",detached,5,prop118427072
515,kent,"£875,000        ",detached,5,prop109194851
516,kent,"£865,000        ",detached,5,prop121979369
517,kent,"£860,000        ",detached,5,prop111223967
518,kent,"£860,000        ",detached,5,prop110547749
519,kent,"£855,000        ",detached,5,prop109939385
520,kent,"£855,000        ",detached,5,prop121823045
521,kent,"£850,000        ",detached,5,prop119873978
522,kent,"£850,000        ",detached,5,prop110037608
523,kent,"£850,000        ",detached,5,prop121212761
524,kent,"£850,000        ",detached,5,prop122034683
525,kent,"£1,500,000        ",detached,5,prop121986140
526,kent,"£850,000        ",detached,5,prop121192988
527,kent,"£850,000        ",detached,5,prop118904813
528,kent,"£850,000        ",detached,5,prop120858176
529,kent,"£850,000        ",detached,5,prop118533185
530,kent,"£850,000        ",detached,5,prop111549794
531,kent,"£850,000        ",detached,5,prop81009639
532,kent,"£850,000        ",detached,5,prop118173788
533,kent,"£850,000        ",detached,5,prop119878688
534,kent,"£850,000        ",detached,5,prop114905501
535,kent,"£850,000        ",detached,5,prop119753882
536,kent,"£850,000        ",detached,5,prop117683786
537,kent,"£850,000        ",detached,5,prop121828958
538,kent,"£850,000        ",detached,5,prop110665580
539,kent,"£850,000        ",detached,5,prop118313357
540,kent,"£850,000        ",detached,5,prop113843165
541,kent,"£850,000        ",detached,5,prop118682357
542,kent,"£850,000        ",detached,5,prop121968374
543,kent,"£850,000        ",detached,5,prop121062686
544,kent,"£850,000        ",detached,5,prop120933158
545,kent,"£850,000        ",detached,5,prop118747574
546,kent,"£850,000        ",detached,5,prop121979534
547,kent,"£850,000        ",detached,5,prop114858371
548,kent,"£850,000        ",detached,5,prop112004675
549,kent,"£850,000        ",detached,5,prop116864465
550,kent,"£825,000        ",detached,5,prop120362051
551,kent,"£850,000        ",detached,5,prop112555937
552,kent,"£850,000        ",detached,5,prop110822279
553,kent,"£850,000        ",detached,5,prop113893589
554,kent,"£850,000        ",detached,5,prop121408334
555,kent,"£845,000        ",detached,5,prop112206032
556,kent,"£845,000        ",detached,5,prop83602839
557,kent,"£835,000        ",detached,5,prop121581455
558,kent,"£830,000        ",detached,5,prop121054979
559,kent,"£830,000        ",detached,5,prop116276933
560,kent,"£830,000        ",detached,5,prop117023756
561,kent,"£825,000        ",detached,5,prop114859997
562,kent,"£825,000        ",detached,5,prop115774460
563,kent,"£825,000        ",detached,5,prop120624914
564,kent,"£825,000        ",detached,5,prop114263747
565,kent,"£825,000        ",detached,5,prop117940754
566,kent,"£825,000        ",detached,5,prop82861452
567,kent,"£825,000        ",detached,5,prop120333110
568,kent,"£825,000        ",detached,5,prop120362051
569,kent,"£825,000        ",detached,5,prop110685833
570,kent,"£825,000        ",detached,5,prop117452321
571,kent,"£825,000        ",detached,5,prop118896827
572,kent,"£825,000        ",detached,5,prop119401265
573,kent,"£825,000        ",detached,5,prop113905433
574,kent,"£825,000        ",detached,5,prop120898355
575,kent,"£2,200,000        ",detached,5,prop121997402
576,kent,"£825,000        ",detached,5,prop118723391
577,kent,"£825,000        ",detached,5,prop121667399
578,kent,"£820,000        ",detached,5,prop120394574
579,kent,"£800,000        ",detached,5,prop121311647
580,kent,"£800,000        ",detached,5,prop121057448
581,kent,"£800,000        ",detached,5,prop119952872
582,kent,"£800,000        ",detached,5,prop121189730
583,kent,"£800,000        ",detached,5,prop121555703
584,kent,"£800,000        ",detached,5,prop117621524
585,kent,"£800,000        ",detached,5,prop120249272
586,kent,"£800,000        ",detached,5,prop119785301
587,kent,"£800,000        ",detached,5,prop115235138
588,kent,"£800,000        ",detached,5,prop121494320
589,kent,"£800,000        ",detached,5,prop111471455
590,kent,"£800,000        ",detached,5,prop121095665
591,kent,"£800,000        ",detached,5,prop112856204
592,kent,"£800,000        ",detached,5,prop113869370
593,kent,"£800,000        ",detached,5,prop116225942
594,kent,"£800,000        ",detached,5,prop122024210
595,kent,"£800,000        ",detached,5,prop106507034
596,kent,"£800,000        ",detached,5,prop121618730
597,kent,"£800,000        ",detached,5,prop120727406
598,kent,"£800,000        ",detached,5,prop116675408
599,kent,"£800,000        ",detached,5,prop117947912
600,kent,"£625,000        ",detached,5,prop121090331
601,kent,"£800,000        ",detached,5,prop121508645
602,kent,"£800,000        ",detached,5,prop119764727
603,kent,"£800,000        ",detached,5,prop120757895
604,kent,"£799,950        ",detached,5,prop116420087
605,kent,"£795,000        ",detached,5,prop114619103
606,kent,"£795,000        ",detached,5,prop78818487
607,kent,"£795,000        ",detached,5,prop120848570
608,kent,"£795,000        ",detached,5,prop118726688
609,kent,"£795,000        ",detached,5,prop121931807
610,kent,"£795,000        ",detached,5,prop115721054
611,kent,"£795,000        ",detached,5,prop121402925
612,kent,"£795,000        ",detached,5,prop114784427
613,kent,"£795,000        ",detached,5,prop81031371
614,kent,"£780,000        ",detached,5,prop119857160
615,kent,"£775,000        ",detached,5,prop116936528
616,kent,"£775,000        ",detached,5,prop118372814
617,kent,"£775,000        ",detached,5,prop121100024
618,kent,"£775,000        ",detached,5,prop114352829
619,kent,"£775,000        ",detached,5,prop114346067
620,kent,"£775,000        ",detached,5,prop83598957
621,kent,"£775,000        ",detached,5,prop114496451
622,kent,"£775,000        ",detached,5,prop118825700
623,kent,"£775,000        ",detached,5,prop119625089
624,kent,"£775,000        ",detached,5,prop117940679
625,kent,"£615,000        ",detached,5,prop119797304
626,kent,"£775,000        ",detached,5,prop118903385
627,kent,"£775,000        ",detached,5,prop120159467
628,kent,"£775,000        ",detached,5,prop120933161
629,kent,"£775,000        ",detached,5,prop115405772
630,kent,"£775,000        ",detached,5,prop121979009
631,kent,"£775,000        ",detached,5,prop113905442
632,kent,"£775,000        ",detached,5,prop117940571
633,kent,"£775,000        ",detached,5,prop120666317
634,kent,"£769,995        ",detached,5,prop121105487
635,kent,"£760,000        ",detached,5,prop121160249
636,kent,"£759,000        ",detached,5,prop108598193
637,kent,"£750,000        ",detached,5,prop118798667
638,kent,"£750,000        ",detached,5,prop119945441
639,kent,"£750,000        ",detached,5,prop120745106
640,kent,"£750,000        ",detached,5,prop119282060
641,kent,"£750,000        ",detached,5,prop120712010
642,kent,"£750,000        ",detached,5,prop113956499
643,kent,"£750,000        ",detached,5,prop121056044
644,kent,"£750,000        ",detached,5,prop118698839
645,kent,"£750,000        ",detached,5,prop117940424
646,kent,"£750,000        ",detached,5,prop117938582
647,kent,"£750,000        ",detached,5,prop119679593
648,kent,"£750,000        ",detached,5,prop121393793
649,kent,"£750,000        ",detached,5,prop111857813
650,kent,"£1,250,000        ",detached,5,prop121541876
651,kent,"£750,000        ",detached,5,prop86927860
652,kent,"£750,000        ",detached,5,prop90337387
653,kent,"£750,000        ",detached,5,prop114546908
654,kent,"£750,000        ",detached,5,prop115010948
655,kent,"£750,000        ",detached,5,prop121435877
656,kent,"£750,000        ",detached,5,prop112053821
657,kent,"£750,000        ",detached,5,prop120844676
658,kent,"£750,000        ",detached,5,prop111213119
659,kent,"£750,000        ",detached,5,prop121379483
660,kent,"£750,000        ",detached,5,prop120963554
661,kent,"£750,000        ",detached,5,prop118928453
662,kent,"£750,000        ",detached,5,prop110314502
663,kent,"£750,000        ",detached,5,prop112857347
664,kent,"£750,000        ",detached,5,prop114561965
665,kent,"£750,000        ",detached,5,prop103471316
666,kent,"£750,000        ",detached,5,prop119753957
667,kent,"£750,000        ",detached,5,prop117940508
668,kent,"£750,000        ",detached,5,prop121498187
669,kent,"£750,000        ",detached,5,prop110732432
670,kent,"£750,000        ",detached,5,prop121632296
671,kent,"£750,000        ",detached,5,prop115878083
672,kent,"£750,000        ",detached,5,prop116889584
673,kent,"£750,000        ",detached,5,prop118981940
674,kent,"£750,000        ",detached,5,prop117984347
675,kent,"£1,100,000        ",detached,5,prop121832933
676,kent,"£750,000        ",detached,5,prop119649782
677,kent,"£749,950        ",detached,5,prop120503171
678,kent,"£745,000        ",detached,5,prop117132869
679,kent,"£740,000        ",detached,5,prop111910169
680,kent,"£735,000        ",detached,5,prop120563447
681,kent,"£730,000        ",detached,5,prop117940385
682,kent,"£730,000        ",detached,5,prop114397991
683,kent,"£725,000        ",detached,5,prop121626245
684,kent,"£725,000        ",detached,5,prop120298574
685,kent,"£725,000        ",detached,5,prop118870832
686,kent,"£725,000        ",detached,5,prop115256102
687,kent,"£725,000        ",detached,5,prop118723130
688,kent,"£725,000        ",detached,5,prop116841587
689,kent,"£725,000        ",detached,5,prop111856733
690,kent,"£725,000        ",detached,5,prop121854842
691,kent,"£725,000        ",detached,5,prop114889265
692,kent,"£725,000        ",detached,5,prop121980248
693,kent,"£725,000        ",detached,5,prop106189517
694,kent,"£725,000        ",detached,5,prop121860422
695,kent,"£725,000        ",detached,5,prop117674627
696,kent,"£725,000        ",detached,5,prop114504485
697,kent,"£725,000        ",detached,5,prop120201971
698,kent,"£725,000        ",detached,5,prop118581200
699,kent,"£725,000        ",detached,5,prop84369584
700,kent,"£525,000        ",detached,5,prop121771847
701,kent,"£725,000        ",detached,5,prop108825407
702,kent,"£720,000        ",detached,5,prop121606136
703,kent,"£720,000        ",detached,5,prop84035109
704,kent,"£715,000        ",detached,5,prop111193202
705,kent,"£705,000        ",detached,5,prop117941390
706,kent,"£700,000        ",detached,5,prop116234513
707,kent,"£700,000        ",detached,5,prop120448367
708,kent,"£700,000        ",detached,5,prop121218647
709,kent,"£700,000        ",detached,5,prop119144357
710,kent,"£700,000        ",detached,5,prop110974229
711,kent,"£700,000        ",detached,5,prop118634390
712,kent,"£700,000        ",detached,5,prop120096488
713,kent,"£700,000        ",detached,5,prop119037713
714,kent,"£700,000        ",detached,5,prop118043495
715,kent,"£700,000        ",detached,5,prop121681973
716,kent,"£700,000        ",detached,5,prop112255421
717,kent,"£700,000        ",detached,5,prop121942766
718,kent,"£700,000        ",detached,5,prop114592463
719,kent,"£700,000        ",detached,5,prop121976768
720,kent,"£700,000        ",detached,5,prop117941333
721,kent,"£700,000        ",detached,5,prop112291973
722,kent,"£700,000        ",detached,5,prop120175973
723,kent,"£700,000        ",detached,5,prop112115663
724,kent,"£700,000        ",detached,5,prop110437025
725,kent,"£725,000        ",detached,5,prop114889265
726,kent,"£700,000        ",detached,5,prop116363096
727,kent,"£700,000        ",detached,5,prop113587772
728,kent,"£699,995        ",detached,5,prop115931150
729,kent,"£699,995        ",detached,5,prop115622768
730,kent,"£699,950        ",detached,5,prop119271563
731,kent,"£699,950        ",detached,5,prop121582589
732,kent,"£695,000        ",detached,5,prop118414847
733,kent,"£695,000        ",detached,5,prop117742115
734,kent,"£695,000        ",detached,5,prop111661271
735,kent,"£695,000        ",detached,5,prop121741286
736,kent,"£695,000        ",detached,5,prop84035112
737,kent,"£690,000        ",detached,5,prop112714772
738,kent,"£690,000        ",detached,5,prop118689827
739,kent,"£690,000        ",detached,5,prop120755672
740,kent,"£685,000        ",detached,5,prop111231257
741,kent,"£685,000        ",detached,5,prop119348141
742,kent,"£675,000        ",detached,5,prop120946703
743,kent,"£675,000        ",detached,5,prop119977412
744,kent,"£675,000        ",detached,5,prop89585998
745,kent,"£675,000        ",detached,5,prop84061569
746,kent,"£675,000        ",detached,5,prop116309483
747,kent,"£675,000        ",detached,5,prop115020710
748,kent,"£675,000        ",detached,5,prop120335750
749,kent,"£675,000        ",detached,5,prop121052831
750,kent,"£615,000        ",detached,5,prop119797304
751,kent,"£675,000        ",detached,5,prop121141208
752,kent,"£675,000        ",detached,5,prop121427042
753,kent,"£675,000        ",detached,5,prop114248297
754,kent,"£675,000        ",detached,5,prop115325249
755,kent,"£675,000        ",detached,5,prop120243227
756,kent,"£675,000        ",detached,5,prop119250461
757,kent,"£670,000        ",detached,5,prop120181094
758,kent,"£660,000        ",detached,5,prop104444855
759,kent,"£660,000        ",detached,5,prop113037365
760,kent,"£660,000        ",detached,5,prop120587936
761,kent,"£659,000        ",detached,5,prop109851971
762,kent,"£650,000        ",detached,5,prop117966785
763,kent,"£650,000        ",detached,5,prop120688703
764,kent,"£650,000        ",detached,5,prop119026382
765,kent,"£650,000        ",detached,5,prop118895348
766,kent,"£650,000        ",detached,5,prop108851804
767,kent,"£650,000        ",detached,5,prop121750496
768,kent,"£650,000        ",detached,5,prop116923208
769,kent,"£650,000        ",detached,5,prop122054210
770,kent,"£650,000        ",detached,5,prop112090169
771,kent,"£650,000        ",detached,5,prop114682853
772,kent,"£650,000        ",detached,5,prop119064248
773,kent,"£650,000        ",detached,5,prop114340157
774,kent,"£650,000        ",detached,5,prop79486857
775,kent,"£775,000        ",detached,5,prop120933161
776,kent,"£650,000        ",detached,5,prop120748760
777,kent,"£650,000        ",detached,5,prop117007655
778,kent,"£650,000        ",detached,5,prop114257996
779,kent,"£650,000        ",detached,5,prop121202441
780,kent,"£650,000        ",detached,5,prop121144841
781,kent,"£650,000        ",detached,5,prop113621570
782,kent,"£650,000        ",detached,5,prop118426115
783,kent,"£649,995        ",detached,5,prop121979318
784,kent,"£640,000        ",detached,5,prop79652922
785,kent,"£635,000        ",detached,5,prop116229602
786,kent,"£634,000        ",detached,5,prop121979279
787,kent,"£630,000        ",detached,5,prop121989524
788,kent,"£627,500        ",detached,5,prop121764797
789,kent,"£625,000        ",detached,5,prop117137408
790,kent,"£625,000        ",detached,5,prop116561573
791,kent,"£625,000        ",detached,5,prop120100100
792,kent,"£625,000        ",detached,5,prop111142871
793,kent,"£625,000        ",detached,5,prop119212595
794,kent,"£625,000        ",detached,5,prop118053764
795,kent,"£625,000        ",detached,5,prop121732775
796,kent,"£625,000        ",detached,5,prop115346999
797,kent,"£625,000        ",detached,5,prop110359055
798,kent,"£625,000        ",detached,5,prop110837414
799,kent,"£625,000        ",detached,5,prop120875531
800,kent,"£725,000        ",detached,5,prop121854842
801,kent,"£625,000        ",detached,5,prop119148842
802,kent,"£625,000        ",detached,5,prop119057873
803,kent,"£625,000        ",detached,5,prop121090331
804,kent,"£624,995        ",detached,5,prop116994857
805,kent,"£615,000        ",detached,5,prop119797304
806,kent,"£615,000        ",detached,5,prop110842670
807,kent,"£600,000        ",detached,5,prop110783597
808,kent,"£600,000        ",detached,5,prop83621673
809,kent,"£600,000        ",detached,5,prop118696226
810,kent,"£600,000        ",detached,5,prop118867673
811,kent,"£600,000        ",detached,5,prop120769808
812,kent,"£600,000        ",detached,5,prop118617344
813,kent,"£600,000        ",detached,5,prop106920968
814,kent,"£600,000        ",detached,5,prop120197411
815,kent,"£600,000        ",detached,5,prop120667595
816,kent,"£600,000        ",detached,5,prop121907501
817,kent,"£600,000        ",detached,5,prop119187638
818,kent,"£600,000        ",detached,5,prop84069585
819,kent,"£600,000        ",detached,5,prop121530020
820,kent,"£600,000        ",detached,5,prop116363261
821,kent,"£600,000        ",detached,5,prop117094148
822,kent,"£600,000        ",detached,5,prop81538269
823,kent,"£600,000        ",detached,5,prop119902055
824,kent,"£600,000        ",detached,5,prop121052498
825,kent,"£750,000        ",detached,5,prop121632296
826,kent,"£600,000        ",detached,5,prop121667375
827,kent,"£599,999        ",detached,5,prop83598369
828,kent,"£599,995        ",detached,5,prop121068242
829,kent,"£599,995        ",detached,5,prop119791253
830,kent,"£599,995        ",detached,5,prop121210805
831,kent,"£596,995        ",detached,5,prop121210826
832,kent,"£595,000        ",detached,5,prop118808906
833,kent,"£595,000        ",detached,5,prop120948311
834,kent,"£595,000        ",detached,5,prop120203582
835,kent,"£595,000        ",detached,5,prop84062658
836,kent,"£595,000        ",detached,5,prop121863434
837,kent,"£595,000        ",detached,5,prop114294368
838,kent,"£594,500        ",detached,5,prop121080092
839,kent,"£590,000        ",detached,5,prop108673691
840,kent,"£585,000        ",detached,5,prop121482740
841,kent,"£580,000        ",detached,5,prop118353377
842,kent,"£580,000        ",detached,5,prop121393742
843,kent,"£580,000        ",detached,5,prop121979612
844,kent,"£575,000        ",detached,5,prop106418045
845,kent,"£575,000        ",detached,5,prop83622009
846,kent,"£575,000        ",detached,5,prop119350994
847,kent,"£575,000        ",detached,5,prop120075059
848,kent,"£575,000        ",detached,5,prop111695150
849,kent,"£575,000        ",detached,5,prop120773882
850,kent,"£575,000        ",detached,5,prop119137187
851,kent,"£575,000        ",detached,5,prop79219176
852,kent,"£575,000        ",detached,5,prop117444410
853,kent,"£575,000        ",detached,5,prop113620313
854,kent,"£575,000        ",detached,5,prop113403929
855,kent,"£575,000        ",detached,5,prop120479351
856,kent,"£575,000        ",detached,5,prop120536129
857,kent,"£565,000        ",detached,5,prop115820249
858,kent,"£565,000        ",detached,5,prop121563668
859,kent,"£565,000        ",detached,5,prop119866232
860,kent,"£563,500        ",detached,5,prop121872272
861,kent,"£560,000        ",detached,5,prop109267886
862,kent,"£550,000        ",detached,5,prop120778406
863,kent,"£550,000        ",detached,5,prop118866683
864,kent,"£550,000        ",detached,5,prop118739474
865,kent,"£550,000        ",detached,5,prop114105290
866,kent,"£550,000        ",detached,5,prop121490819
867,kent,"£550,000        ",detached,5,prop119494838
868,kent,"£550,000        ",detached,5,prop119435420
869,kent,"£550,000        ",detached,5,prop115586192
870,kent,"£550,000        ",detached,5,prop119178224
871,kent,"£550,000        ",detached,5,prop116115485
872,kent,"£550,000        ",detached,5,prop116599982
873,kent,"£550,000        ",detached,5,prop84066549
874,kent,"£550,000        ",detached,5,prop113637581
875,kent,"£550,000        ",detached,5,prop114073727
876,kent,"£550,000        ",detached,5,prop118288550
877,kent,"£550,000        ",detached,5,prop119912567
878,kent,"£550,000        ",detached,5,prop115337258
879,kent,"£550,000        ",detached,5,prop117213686
880,kent,"£545,000        ",detached,5,prop118812035
881,kent,"£545,000        ",detached,5,prop120665555
882,kent,"£545,000        ",detached,5,prop121710944
883,kent,"£535,000        ",detached,5,prop121205801
884,kent,"£535,000        ",detached,5,prop120292127
885,kent,"£525,000        ",detached,5,prop121771847
886,kent,"£525,000        ",detached,5,prop119041118
887,kent,"£525,000        ",detached,5,prop119267615
888,kent,"£525,000        ",detached,5,prop118196351
889,kent,"£525,000        ",detached,5,prop117116315
890,kent,"£525,000        ",detached,5,prop119388827
891,kent,"£525,000        ",detached,5,prop118195337
892,kent,"£525,000        ",detached,5,prop113192993
893,kent,"£525,000        ",detached,5,prop116465924
894,kent,"£520,000        ",detached,5,prop116185415
895,kent,"£515,000        ",detached,5,prop121405667
896,kent,"£510,000        ",detached,5,prop120874751
897,kent,"£500,000        ",detached,5,prop112610777
898,kent,"£500,000        ",detached,5,prop117718427
899,kent,"£500,000        ",detached,5,prop119077712
900,kent,"£500,000        ",detached,5,prop113961941
901,kent,"£500,000        ",detached,5,prop117713978
902,kent,"£500,000        ",detached,5,prop121436219
903,kent,"£500,000        ",detached,5,prop113849474
904,kent,"£500,000        ",detached,5,prop120483956
905,kent,"£499,995        ",detached,5,prop113250542
906,kent,"£495,500        ",detached,5,prop121418744
907,kent,"£495,000        ",detached,5,prop115011167
908,kent,"£490,000        ",detached,5,prop117849473
909,kent,"£490,000        ",detached,5,prop119312750
910,kent,"£479,995        ",detached,5,prop110842028
911,kent,"£475,000        ",detached,5,prop105211133
912,kent,"£475,000        ",detached,5,prop119298275
913,kent,"£475,000        ",detached,5,prop120446855
914,kent,"£475,000        ",detached,5,prop113971436
915,kent,"£475,000        ",detached,5,prop122029439
916,kent,"£475,000        ",detached,5,prop120680024
917,kent,"£475,000        ",detached,5,prop118054730
918,kent,"£465,000        ",detached,5,prop120118592
919,kent,"£450,000        ",detached,5,prop121219004
920,kent,"£450,000        ",detached,5,prop118715282
921,kent,"£450,000        ",detached,5,prop118929236
